condition_id,row_id,target_kappa,pred_kappa_constant,pred_visibility_constant,pred_kappa_product,pred_visibility_product,pred_kappa_product_plus_background,pred_visibility_product_plus_background,pred_kappa_additive,pred_visibility_additive,pred_kappa_additive_plus_background,pred_visibility_additive_plus_background,pred_kappa_pairwise,pred_visibility_pairwise,pred_kappa_pairwise_plus_product,pred_visibility_pairwise_plus_product,pred_kappa_full_second_order,pred_visibility_full_second_order
0,0,9.431928929451961e-07,0.08345709827257702,0.33167260612712407,0.0,0.3623577544766736,0.0010258795527482254,0.36196384405739057,0.15790044276413615,0.30650110488746185,0.20439319533823402,0.2917590801016351,0.16250749274159607,0.30500764199824965,0.00240269280847903,0.3614358573503739,0.0,0.3623577544766736
1,1,0.3036672443186189,0.08345709827257702,0.33167260612712407,0.30671848089006754,0.2617631674158386,0.30644383651031093,0.2618394002704366,0.1806637387375466,0.2991924622219499,0.2565074067768189,0.2760757799172582,0.27278565545460076,0.2713519592602398,0.3072021214028672,0.2616289775972286,0.3052223638233699,0.2621787126463971
2,2,0.5437018040782536,0.08345709827257702,0.33167260612712407,0.542763018396797,0.20380810293510773,0.5414875162621582,0.20408390405191332,0.19818192562534057,0.29368676145302713,0.29661348353114925,0.26458267292320514,0.3576535702902014,0.24800211952821097,0.5417697938368747,0.20402283518774833,0.5410915255739227,0.20416960479648794
3,3,0.7323102157354009,0.08345709827257702,0.33167260612712407,0.7244182728342876,0.16810397761630944,0.7223725301677588,0.16846898341007815,0.2116635792573167,0.2895187672592326,0.3274783349454283,0.2560646504871615,0.4229662558786183,0.23140996698134905,0.7222884818306385,0.16848399643233347,0.7226118142632245,0.16842624893263583
4,4,0.8675925632560934,0.08345709827257702,0.33167260612712407,0.8642165999352005,0.14494646328506808,0.8615780952362332,0.14535250699384356,0.22203879592880998,0.28635148228508034,0.35123132027632736,0.24969654200996516,0.4732296199194891,0.21940080301908885,0.8612121296498315,0.1454089157768484,0.8623062743668897,0.1452403328360638
5,5,0.9834746412185476,0.08345709827257702,0.33167260612712407,0.9718026552944686,0.1293211175811843,0.9687079725413048,0.12974612640998617,0.2300233595379148,0.28393761514742916,0.3695111527160483,0.24490381443661033,0.5119113207551557,0.21058486798002496,0.9681250489596476,0.12982633851873465,0.9698123957187369,0.12959429019515728
6,6,9.431928929451961e-07,0.08345709827257702,0.33167260612712407,0.0,0.3623577544766736,0.0010258795527482254,0.36196384405739057,0.153880392841858,0.3078102537606064,0.18920005541534676,0.2964968521825342,0.14614422598169166,0.31034532922229635,0.002160759943083324,0.36152857907542746,0.0,0.3623577544766736
7,7,0.26572922994156384,0.08345709827257702,0.33167260612712407,0.2758342660251111,0.270476304464482,0.27569057449975026,0.27051751356721443,0.17664368881526846,0.30047039391134794,0.24131426685393162,0.2805588764565288,0.2527359405874651,0.2771819115240783,0.2764390554003859,0.2703029265223618,0.2749727411185632,0.2707234741011833
8,8,0.4909766190392579,0.08345709827257702,0.33167260612712407,0.48811091646842625,0.21596635357757246,0.48706714594093825,0.21620548197201497,0.19416187570306243,0.29494117680971843,0.28142034360826196,0.2688791369798801,0.33476683713845246,0.2540935412455734,0.48751826135979964,0.2161020987136195,0.48702826527779086,0.21621439466638112
9,9,0.656010650042077,0.08345709827257702,0.33167260612712407,0.6514748703846202,0.18162051289300463,0.6497384166801677,0.18195519126071302,0.20764352933503855,0.290755379988739,0.31228519502254104,0.26022279340275006,0.39789620900235434,0.23764331622285295,0.6499606854465151,0.18191231751613704,0.6502220447352872,0.18186191646736383
10,10,0.7691275403288371,0.08345709827257702,0.33167260612712407,0.777196570738371,0.15895571127199082,0.7749270416232984,0.1593386543306009,0.21801874600653187,0.28757456668634024,0.33603818035344013,0.25375127547368376,0.44647933754897084,0.2257124026478024,0.7749731944865679,0.15933085766574234,0.7758127821575506,0.15918909157504824
11,11,0.8667085186377984,0.08345709827257702,0.33167260612712407,0.8739495297659587,0.14345843197960959,0.8712697562522087,0.1438666018716693,0.22600330961563667,0.2851503892711965,0.354318012793161,0.2488807204994457,0.48386796204638505,0.21694006746374717,0.8711803737647261,0.14388023616704132,0.8724649546772508,0.14368441186198747
12,12,9.431928929451961e-07,0.08345709827257702,0.33167260612712407,0.0,0.3623577544766736,0.0010258795527482254,0.36196384405739057,0.14123161199131437,0.3119659785492384,0.14139599799524843,0.3119116117300019,0.09465845360408809,0.32775695864646226,0.001399536611508333,0.36182047611326756,0.0016095552407113852,0.36173991929457067
13,13,0.18400257281384338,0.08345709827257702,0.33167260612712407,0.1786594365775807,0.29982892800950395,0.1789277782331578,0.29974363772821755,0.16399490796472482,0.30452702376357677,0.1935102094338333,0.2951450266555961,0.18965104005802902,0.2963551169849538,0.17964541162004072,0.29951566279384206,0.17979460756247548,0.299468288592712
14,14,0.31543435859137225,0.08345709827257702,0.33167260612712407,0.31615224091004224,0.25915807596224805,0.31583759623214946,0.2592445443330076,0.1815130948525188,0.2989231570871192,0.23361628618816366,0.2828580619275347,0.2627554746881844,0.27425299228109834,0.31681994706628025,0.25897467732224216,0.31692233505985434,0.2589465659232983
15,15,0.4150843778164647,0.08345709827257702,0.33167260612712407,0.4219640110876315,0.23165599599680592,0.4212007115420655,0.23184354466739143,0.1949947484844949,0.2946808481149148,0.2644811376024427,0.2737516783118023,0.3190152162332357,0.2583726177492937,0.42238678374057026,0.2315521827436015,0.42245314925317606,0.23153589069297228
16,16,0.5139030718459963,0.08345709827257702,0.33167260612712407,0.5033946776775893,0.21249497425656472,0.5022861021302879,0.21274487577960663,0.2053699651559882,0.2914570908737508,0.2882341229333418,0.2669437086057631,0.3623116117902072,0.2467803578935004,0.5036289543020579,0.212442199847018,0.5036675976186118,0.21243349610553253
17,17,0.5687396845414691,0.08345709827257702,0.33167260612712407,0.5660621243156692,0.19883522972784984,0.5646878311177546,0.19912515686424828,0.21335452876509303,0.28900018480823536,0.3065139553730627,0.2618199353149124,0.39563167009023736,0.23821456666466553,0.5661513380872801,0.19881642338307176,0.5661686469445384,0.19881277486614224
18,18,0.009949801715592847,0.08345709827257702,0.33167260612712407,0.0,0.3623577544766736,0.0010258795527482254,0.36196384405739057,0.13260961588191875,0.3148308244928647,0.10881053367583945,0.32287585763235926,0.059563361486190534,0.34018214337783087,0.0008806514572178567,0.3620195817475695,0.0030980982692945976,0.3611694728573912
19,19,0.11968040104317067,0.08345709827257702,0.33167260612712407,0.11242056254476974,0.3216424259818451,0.11296976514061972,0.3214551943711369,0.1553729118553292,0.30732355629834474,0.1609247451144243,0.30551989737990554,0.14664944382885312,0.3101791383046149,0.11366637143036941,0.3212178673599227,0.11491677412409658,0.3207923067238564
20,20,0.21025828920338757,0.08345709827257702,0.33167260612712407,0.19893722634383676,0.29345167365536734,0.1991195876867415,0.29339494178702397,0.17289109874312317,0.3016682281939733,0.20103082186875468,0.29280102406747033,0.21366918770015378,0.28890378738038336,0.200464053236729,0.29297702241339607,0.2009702377111887,0.29281983218414664
21,21,0.2663589966633584,0.08345709827257702,0.33167260612712407,0.2655187568529013,0.2734506858330492,0.26541880435009796,0.2734796656340958,0.1863727523750993,0.29738696125043135,0.2318956732830337,0.28337453492988735,0.2652462703722299,0.2735296966239579,0.2672618497020214,0.27294579441063466,0.26719529840633344,0.2729650540407261
22,22,0.325094004218554,0.08345709827257702,0.33167260612712407,0.31675859910138743,0.2589915223326041,0.31644138339048344,0.259078641349894,0.19674796904659259,0.2941335996020864,0.2556486586139328,0.27632725302402716,0.30493898334455355,0.26225749560697115,0.3186681259960469,0.2584677151163014,0.3181608084655181,0.2586067752599704
23,23,0.35308770257845123,0.08345709827257702,0.33167260612712407,0.35619177844670585,0.24838677969003606,0.3557073612247467,0.24851438221827282,0.2047325326556974,0.29165413127703094,0.2739284910536537,0.2710233700219758,0.3354857180856452,0.2538999504063593,0.35822938972412155,0.24785076032023842,0.3573828671292298,0.24807330817561857
24,24,9.431928929451961e-07,0.08345709827257702,0.33167260612712407,0.0,0.3623577544766736,0.0010258795527482254,0.36196384405739057,0.1277248915601889,0.31646553960604024,0.09034949425105657,0.3292577365514002,0.03968051210113548,0.34742942970509094,0.0005866811397660541,0.3621324321007205,0.003941420655828534,0.3608466901783755
25,25,0.07572689433103573,0.08345709827257702,0.33167260612712407,0.07489344760215444,0.3346977170876525,0.07560176976249595,0.33444645890569014,0.15048818753359935,0.3089192909692589,0.14246370568964142,0.3115587229729187,0.12228722650600325,0.31829528671005664,0.07628646331516263,0.3342037616232847,0.07816074606323467,0.3335403016877218
26,26,0.1473338576417375,0.08345709827257702,0.33167260612712407,0.13252997850252476,0.3148574079977294,0.13299391471127647,0.3147025744457705,0.16800637442139332,0.30323459836305683,0.1825697824439718,0.29858845177009363,0.18585973651604137,0.29754875827339905,0.13454353351549395,0.31418595808281,0.13527848572148413,0.3139412341898858
27,27,0.17975229433961837,0.08345709827257702,0.33167260612712407,0.17688592419053953,0.30039323551679825,0.17716178575589595,0.3003053904184224,0.18148802805336944,0.29893110153847496,0.21343463385825082,0.28897564113808605,0.23478389550351278,0.28250811915849083,0.17937703409892616,0.2996008995987368,0.17923517982722187,0.2996459623691184
28,28,0.21071587654055565,0.08345709827257702,0.33167260612712407,0.2110213915259873,0.2897159578914264,0.21115251452818914,0.28967568425810963,0.19186324472486277,0.29566084726386405,0.2371876191891499,0.2817890645195107,0.27243497035101266,0.2714528684494665,0.2138800183316139,0.28883921629232895,0.21306339096208488,0.28908940506064373
29,29,0.23583515076317352,0.08345709827257702,0.33167260612712407,0.23729137883288112,0.28175806689474164,0.237311113870784,0.28175217154631516,0.19984780833396756,0.29316850464560645,0.25546745162887086,0.27638034636698366,0.3014105003654388,0.26324043838261474,0.2404328394468364,0.2808211854643077,0.23909691991292323,0.28121921698469676
30,30,0.007999504660578128,0.08345709827257702,0.33167260612712407,0.0,0.3623577544766736,0.0010258795527482254,0.36196384405739057,0.12485302276336596,0.3174305946047056,0.07949572245372069,0.3330685491010744,0.027990817661911055,0.35176217848938574,0.0004138476027481475,0.36219879646340253,0.004437233948049574,0.36065705170732254
31,31,0.05530831852290153,0.08345709827257702,0.33167260612712407,0.05283018602584534,0.3426192931304143,0.05363205911805713,0.3423281325651113,0.14761631873677641,0.3098613338416208,0.13160993389230555,0.3151646880260142,0.10796398385346095,0.3231657806560523,0.05430974883270552,0.342082255981247,0.05655082846490525,0.3412704136707885
32,32,0.09885208153042269,0.08345709827257702,0.33167260612712407,0.0934872628041262,0.32816419724762647,0.09411674491023765,0.32794525510218603,0.16513450562457038,0.30415930588502854,0.1717160106466359,0.3020442995539942,0.1695097667220162,0.30275164555305345,0.09578697916592875,0.3273650334097633,0.09665643044835188,0.3270634016382645
33,33,0.12922553192427766,0.08345709827257702,0.33167260612712407,0.12477615304854729,0.3174564660950652,0.12527296642708058,0.31728929438579667,0.1786161592565465,0.29984268563750627,0.20258086206091494,0.29232023073325636,0.21687419618365208,0.28792374591850994,0.12770704352805898,0.3164715281407579,0.1275209164882545,0.3165339859380587
34,34,0.14197528956275446,0.08345709827257702,0.33167260612712407,0.14885547036066682,0.3094545101087321,0.14925018448403973,0.3093250343960437,0.18899137592803983,0.29656245879135235,0.22633384739181403,0.2850504770368876,0.25332493372675136,0.27700887442539424,0.15227210008311076,0.30833556683516733,0.15127362063418737,0.30866214891309096
35,35,0.17192477183227603,0.08345709827257702,0.33167260612712407,0.16738644150372675,0.3034339711497296,0.16770258203937793,0.3033322827760749,0.19697593953714462,0.29406251582676596,0.24461367983153495,0.2795791586513966,0.28137670765368283,0.268891576720649,0.17117688663701286,0.3022169958968769,0.16955323667946376,0.3027376926230013
36,36,0.0001693187387518924,0.08345709827257702,0.33167260612712407,0.0,0.3623577544766736,0.0010258795527482254,0.36196384405739057,0.11418473727570333,0.3210413788506961,0.1258038568529429,0.3171107534565755,0.10229094580392568,0.3251153895454371,0.0015123839258686762,0.36177718905367706,9.344290617440418e-05,0.3623218571521353
37,37,0.18686721729081154,0.08345709827257702,0.33167260612712407,0.193065088732106,0.295284347289664,0.19327234865783127,0.2952194677520496,0.13694803324911378,0.31338601747859113,0.17791806829152773,0.30006469224600085,0.18527201267718854,0.2977342251945799,0.19330222015882173,0.29521011811269776,0.19253706922342786,0.2954497001308664
38,38,0.3450083462065564,0.08345709827257702,0.33167260612712407,0.3416442009076104,0.25224753598085303,0.3412214671965198,0.25236061729325926,0.15446622013690775,0.3076191287522248,0.21802414504585815,0.2875729205514521,0.2491326170172794,0.2782428682923665,0.3408999229797501,0.25244666434832125,0.3406379160923684,0.25251680056964954
39,39,0.4555876770094608,0.08345709827257702,0.33167260612712407,0.4559877765371385,0.22344839913509254,0.45508021205809795,0.22366351052004285,0.16794787376888387,0.3032534067966423,0.24888899646013712,0.2783147459242465,0.2982784877604242,0.26411602088449887,0.4544882251854746,0.22380393512432487,0.45461342810614774,0.22377422851729098
40,40,0.5413616387664862,0.08345709827257702,0.33167260612712407,0.5439843535546526,0.20354436363425224,0.5427036728093287,0.20382092692716458,0.1783230904403772,0.2999358672540417,0.2726419817910362,0.27139329663604106,0.33610018763409094,0.25373459392599135,0.5419035585638852,0.2039939024661728,0.5423267505714732,0.2039023949189428
41,41,0.6092705113216837,0.08345709827257702,0.33167260612712407,0.6117047963007126,0.18944235896185976,0.6101369725822771,0.18975752181557834,0.186307654049482,0.297407487349772,0.2909218142307572,0.2661841170232961,0.36520702732790705,0.24602395225248114,0.6091766875857354,0.18995081651378617,0.6098292061601438,0.18981945034838338
42,42,0.006399131442032236,0.08345709827257702,0.33167260612712407,0.0,0.3623577544766736,0.0010258795527482254,0.36196384405739057,0.11016468735342519,0.3224126331550141,0.11061071693005564,0.32226020235720976,0.0919910266735869,0.3286851946412373,0.0013600983837999685,0.361835605429766,0.0004405184250762372,0.36218855464746963
43,43,0.1726377165540872,0.08345709827257702,0.33167260612712407,0.17362490480180884,0.30143362083364383,0.17391459348885385,0.3013410538246403,0.13292798332683564,0.31472457367006706,0.16272492836864047,0.30493733621269914,0.17128564543961855,0.30218214949343375,0.17394507021591493,0.30133131695603604,0.1734638274692712,0.3014851037216829
44,44,0.2966009206897883,0.08345709827257702,0.33167260612712407,0.3072432320531162,0.26161757430056326,0.30696636266414534,0.26169438209571344,0.1504461702146296,0.3089330530067933,0.2028310051229709,0.2922427150741681,0.23230923149509608,0.28325031194551403,0.3067630854150855,0.2617507886632008,0.3066191784044468,0.2617907281775483
45,45,0.42137348599922153,0.08345709827257702,0.33167260612712407,0.41007328052926917,0.23459494608398018,0.4093603991379052,0.2347723240871997,0.16392782384660573,0.30454868387543405,0.23369585653724986,0.2828342002373156,0.2792717885137258,0.26949233118836935,0.40897722940560244,0.23486771917473032,0.4090929293725373,0.2348389100790585
46,46,0.4802952740362473,0.08345709827257702,0.33167260612712407,0.4892092724783418,0.21571500520449002,0.4881608447868213,0.215954921603324,0.17430304051809903,0.30121697422680593,0.257448841868149,0.2758003559923342,0.3154132528931383,0.2593612049881457,0.4876392333216148,0.21607438367071263,0.4879547217355224,0.21600212104073077
47,47,0.5473807114935113,0.08345709827257702,0.33167260612712407,0.550110782441317,0.20222654247485872,0.5488041248870158,0.20250689243509348,0.18228760412720385,0.29867779493013674,0.27572867430786996,0.270506586361945,0.34322701624870205,0.25182458257442786,0.5481759713747828,0.20264180423125935,0.5486452130657281,0.2025410142637654
48,48,0.0033453326549995398,0.08345709827257702,0.33167260612712407,0.0,0.3623577544766736,0.0010258795527482254,0.36196384405739057,0.09751590650288158,0.32676550365039553,0.06280665950995733,0.3390143887658954,0.05958311573298162,0.3401750186687149,0.0008809435261305027,0.3620194696446233,0.0015325651065985824,0.3617694483079265
49,49,0.10047064994710474,0.08345709827257702,0.33167260612712407,0.11245784693372111,0.32162971171059035,0.11300689143919455,0.32144254137862555,0.12027920247629204,0.3189736482100255,0.11492087094854216,0.3207909133423149,0.12727860634718072,0.31661531531062065,0.1130392724639832,0.3214315060267756,0.11345132520635168,0.32129111282201694
50,50,0.19353278675698055,0.08345709827257702,0.33167260612712407,0.1990032040685164,0.2934311469885555,0.19918528565778615,0.29337450610427757,0.137797389364086,0.31310393662981445,0.15502694770287256,0.30743630363744257,0.1793757304818263,0.29960131368722703,0.1993541264135627,0.29332199387137387,0.19958181166876138,0.2932511949217028
51,51,0.2731285741723486,0.08345709827257702,0.33167260612712407,0.26560681640695705,0.27342515676724055,0.26550649052085706,0.2734542421155697,0.15127904299606212,0.3086603744363038,0.18589179911715153,0.2975386436618093,0.21946865718160544,0.2871328357615166,0.2657803480137922,0.27337485574574366,0.2658661476606832,0.2733499887103922
52,52,0.31538882813061087,0.08345709827257702,0.33167260612712407,0.3168636523989804,0.25896267731890954,0.3165459912492254,0.2590499089741234,0.16165425966755542,0.3052836836078541,0.20964478444805063,0.29013911250672214,0.250323388571373,0.27789181094004634,0.31690066756690544,0.25895251464299873,0.31687727482768846,0.2589589371752707
53,53,0.3508958265316199,0.08345709827257702,0.33167260612712407,0.3563099097965966,0.24835567211592038,0.35582499168324266,0.24848339062287117,0.16963882327666024,0.30271022302842376,0.2279246168877716,0.28457012178932495,0.2740685857295527,0.2709831172478265,0.3562418645860564,0.24837359001180476,0.35613443952442003,0.2484018801752116
54,54,0.0009832862538293164,0.08345709827257702,0.33167260612712407,0.0,0.3623577544766736,0.0010258795527482254,0.36196384405739057,0.08889391039348596,0.32976625659147973,0.030221195190548333,0.3509313453108932,0.03749237945213842,0.34823637447149486,0.0005543293356058409,0.3621448535729312,0.0022769548110782357,0.3614840439655773
55,55,0.06673172605663688,0.08345709827257702,0.33167260612712407,0.07076354127744411,0.33616645331321254,0.07148937474652288,0.33590785602578477,0.11165720636689641,0.32190284698499366,0.08233540662913316,0.33206728243168226,0.09728136595505917,0.3268467694538212,0.0715230538290289,0.33589586179622644,0.0725440182382062,0.3355324659803025
56,56,0.12524855095567486,0.08345709827257702,0.33167260612712407,0.12522177713170743,0.3173065148975298,0.1257167010095384,0.31714005747931157,0.12917539325469038,0.31597923266997474,0.12244148338346358,0.3182432345294882,0.14329379933085004,0.31128464407162915,0.12613919466893034,0.31699802955880657,0.126620174459641,0.3168364180220488
57,57,0.16250403061705632,0.08345709827257702,0.33167260612712407,0.1671317691815808,0.3035159127196139,0.16744898955907564,0.30341384951272155,0.1426570468866665,0.3114948643565642,0.15330633479774256,0.30799765426570397,0.17870406715765405,0.29981474084887344,0.16817070730405442,0.3031817702510818,0.16823612550500744,0.3031607428151877
58,58,0.18959715968074067,0.08345709827257702,0.33167260612712407,0.19938487848759862,0.29331243048598166,0.1995653417305757,0.293256315691456,0.1530322635581598,0.3080871647012298,0.17705932012864165,0.30033801647753394,0.2059551159627737,0.2912763287556549,0.2005173364731721,0.29296047189552926,0.20026294661112468,0.2930394973664018
59,59,0.22801499139257098,0.08345709827257702,0.33167260612712407,0.22420623991062164,0.28569420577910704,0.22428145754050646,0.28567142317005884,0.16101682716726462,0.30549007151885876,0.19533915256836262,0.2945732658674068,0.22692698956201485,0.28487127467802925,0.2254106689517672,0.28532961549799,0.22491016106610798,0.2854810666942111
60,60,9.431928929451961e-07,0.08345709827257702,0.33167260612712407,0.0,0.3623577544766736,0.0010258795527482254,0.36196384405739057,0.0840091860717561,0.3314785218511911,0.011760155765765445,0.35786776158894257,0.024977045946204052,0.352887957702124,0.000369288625770754,0.3622159081245058,0.002698682964069938,0.3613224502993077
61,61,0.04954176340992239,0.08345709827257702,0.33167260612712407,0.04714195918290854,0.34469181276910643,0.04796795105375176,0.34439008430093687,0.10677248204516655,0.323574282587871,0.06387436720435027,0.3386308366255266,0.08028666451133,0.3327893616398371,0.04800236554068418,0.3443775186869996,0.04936830408240661,0.3438791494655842
62,62,0.0824525859733028,0.08345709827257702,0.33167260612712407,0.08342148795535008,0.3316851286934823,0.08409365017989472,0.33144883884750126,0.12429066893296054,0.31761991073231904,0.1039804439586807,0.3245335462439172,0.12285186402585832,0.3181047978201386,0.08465984890385023,0.33124992970798045,0.08528433072848411,0.33103068378240136
63,63,0.11799185221954828,0.08345709827257702,0.33167260612712407,0.11134150296456094,0.3220106116697036,0.11189528090521764,0.32182160460149933,0.13777232256493666,0.31311225796235387,0.13484529537295967,0.31408545454685877,0.15560920816805757,0.3072465727203612,0.11287073036593091,0.32148894879221673,0.11292460161842532,0.32147058719668514
64,64,0.13591400137330192,0.08345709827257702,0.33167260612712407,0.13282819985646496,0.31475787119314264,0.13329087157014338,0.3146035083634692,0.14814753923642995,0.30968686430219416,0.15859828070385876,0.30627441838134867,0.18081861884835349,0.29914333634239537,0.13458127238495163,0.3141733871742849,0.1341960129133819,0.3143017416792603
65,65,0.15012110267092343,0.08345709827257702,0.33167260612712407,0.14936394108626902,0.30928772955535233,0.14975649923147688,0.3091590303080041,0.15613210284553475,0.307076286075967,0.17687811314357973,0.300395723233336,0.2002192877209292,0.29305306201668496,0.15128928044181503,0.3086570242432581,0.15056607456295376,0.30889378205727064
66,66,9.431928929451961e-07,0.08345709827257702,0.33167260612712407,0.0,0.3623577544766736,0.0010258795527482254,0.36196384405739057,0.08113731727493316,0.3324893586230587,0.0009063839684295694,0.36200970513526853,0.017618924297939348,0.3556517069041826,0.0002604979129861354,0.36225768963017974,0.0029466289777130847,0.3612274784942863
67,67,0.02700122282303442,0.08345709827257702,0.33167260612712407,0.03325415711246042,0.3498046908575656,0.03413903496536151,0.3494766673665656,0.10390061324834361,0.3245610155485583,0.0530205954070144,0.3425501329659416,0.07029499464974742,0.33633349111349825,0.03417388181753833,0.34946375596425844,0.035742640494382846,0.3488829957456277
68,68,0.06603366274491049,0.08345709827257702,0.33167260612712407,0.05884590532733308,0.34044100744248645,0.05962227103277081,0.3401608970769101,0.1214188001361376,0.31858848596142436,0.09312667216134482,0.32828968125161667,0.11083346702279288,0.3221841044024434,0.06027295806429153,0.33992630872698,0.06098180882898441,0.33967093506600604
69,69,0.08281529069543796,0.08345709827257702,0.33167260612712407,0.07854081368055159,0.3334059257881731,0.0792336705619122,0.33316110006674887,0.13490045376811372,0.31406708719926263,0.12399152357562379,0.31772066386462205,0.14203108163915662,0.31170166168897306,0.08035829613762972,0.33276408860173284,0.08040537860967457,0.33274747803054044
70,70,0.08971079967594199,0.08345709827257702,0.33167260612712407,0.09369762953325894,0.3280910126787647,0.09432621965866858,0.32787242943013134,0.145275670439607,0.31063124787327073,0.14774450890652288,0.3098192231578026,0.16604015501505187,0.30386739356947046,0.09581557905853294,0.3273551070547172,0.09535337760963043,0.32751556326692105
71,71,0.11671803865777736,0.08345709827257702,0.33167260612712407,0.10536201825103321,0.32405852229989,0.10594114993937222,0.3238596074760792,0.1532602340487118,0.3080127087437181,0.16602434134624386,0.30387248828662233,0.1845170678001329,0.2979726313805403,0.10771120134900386,0.3232524030687947,0.10685706496605112,0.3235452666308084
72,72,0.0024142861679047785,0.08345709827257702,0.33167260612712407,0.0,0.3623577544766736,0.0010258795527482254,0.36196384405739057,0.08114533933353035,0.3324865307400999,0.06640771079475537,0.3377225201609093,0.056780563785644916,0.34118729985573387,0.0008395074588104435,0.362035374132704,0.0011225678886194375,0.36192674040053296
73,73,0.10742020668916478,0.08345709827257702,0.33167260612712407,0.10716827867197053,0.3234385279537347,0.1077397515948548,0.32324261843133023,0.1039086353069408,0.3245582550976111,0.11852192223334021,0.31956848820802974,0.11913106775163632,0.3193621667180432,0.10721910378839138,0.32342109952920345,0.10737192665233047,0.32336870074651924
74,74,0.18112191119076776,0.08345709827257702,0.33167260612712407,0.18964288763948237,0.29635767852100825,0.18986465811706574,0.2962880048718847,0.12142682219473477,0.31858577630793644,0.1586279989876706,0.3062647683815262,0.16711479481384395,0.3035213750589625,0.18908675826718496,0.2965324697984931,0.1891393528504135,0.2965159349255618
75,75,0.24769032510599562,0.08345709827257702,0.33167260612712407,0.2531137318914862,0.27707090984053645,0.25306637821415573,0.2770848207409307,0.1349084758267109,0.3140644160011002,0.1894928504019496,0.2964048250238569,0.20404213166482243,0.291867695349539,0.25209050222852036,0.27737165548415355,0.25206596308933105,0.27737887198637534
76,76,0.3034176997408374,0.08345709827257702,0.33167260612712407,0.30195965090213644,0.2630872177353018,0.3017051845444934,0.26315820630160147,0.14528369249820422,0.31062860589755165,0.21324583573284867,0.2890334909669096,0.23246068708753448,0.2832048319367254,0.3005769500010498,0.26347318108226625,0.3004930502593253,0.2634966188395475
77,77,0.3413023305196171,0.08345709827257702,0.33167260612712407,0.33955051379537227,0.25280809393552517,0.3391366575741178,0.25291904601435666,0.15326825610730901,0.3080100890391545,0.23152566817256964,0.2834857217802429,0.2543310509205103,0.27671354254037367,0.3378911708676852,0.2532532465208799,0.33776158836849907,0.25328804264763216
78,78,0.0013033831371698336,0.08345709827257702,0.33167260612712407,0.0,0.3623577544766736,0.0010258795527482254,0.36196384405739057,0.07712528941125221,0.3339066703745523,0.051214570871868106,0.34320667622060025,0.05106319348888164,0.34326176349300325,0.0007549754519245325,0.3620678223876781,0.0012074144290081345,0.361894184105616
79,79,0.08735225658307239,0.08345709827257702,0.33167260612712407,0.09637724927065133,0.327160225423751,0.0969944774801165,0.3269462007376506,0.09988858538466266,0.3259445309287759,0.10332878231045295,0.32475784739040625,0.10972724934764184,0.3225621978103288,0.09648230196469804,0.3271237883740588,0.09674555527704835,0.3270324979840134
80,80,0.17271750897864988,0.08345709827257702,0.33167260612712407,0.17054729329357857,0.3024187970605142,0.1708500314304311,0.3023217447416056,0.11740677227245663,0.3199465420715918,0.14343485906478334,0.3112380931825763,0.15487395812523613,0.30748617507828796,0.17015217815830766,0.3025455106267849,0.17026983788723493,0.3025077715591955
81,81,0.22897021753710742,0.08345709827257702,0.33167260612712407,0.22762710696323657,0.2846598975205838,0.22768781969775634,0.2846415747222063,0.13088842590443275,0.31540586981560964,0.17429971047906234,0.3012180377065697,0.18961798125169957,0.29636550438618,0.22684707245954547,0.28489541296715437,0.226852686217316,0.28489371731201263
82,82,0.26831258056887564,0.08345709827257702,0.33167260612712407,0.2715546139707253,0.2717063552473715,0.2714290686943397,0.2717425236039304,0.14126364257592605,0.31195538444057375,0.1980526958099614,0.2937270031738675,0.21635630118015736,0.2880818846099355,0.27047835305761647,0.27201657172978894,0.2703977384297858,0.27203982197156307
83,83,0.3053301593464027,0.08345709827257702,0.33167260612712407,0.3053603632862438,0.26214035581270273,0.30509147749149906,0.26221509757730527,0.14924820618503087,0.30932568319053877,0.21633252824968238,0.28808914573371874,0.2369335886748808,0.2818649691387261,0.304056132328404,0.2625030899161843,0.3039091580233211,0.262543998021988
84,84,0.0010275942426379383,0.08345709827257702,0.33167260612712407,0.0,0.3623577544766736,0.0010258795527482254,0.36196384405739057,0.06447650856070859,0.3384147210655611,0.003410513451769792,0.3610498619073379,0.03307392337449858,0.34987154108844754,0.0004890019315383462,0.3621699373225078,0.0014743776051010435,0.3617917673058065
85,85,0.06845608982231134,0.08345709827257702,0.33167260612712407,0.06242409727304904,0.33915192211087525,0.0631852910063024,0.33887832346111624,0.08723980453411904,0.33034508532990775,0.055524724890354635,0.3416418854226023,0.08013885108142621,0.3328415191747777,0.06269977290927461,0.3390528095038814,0.06331048721543997,0.33883334487046984
86,86,0.11020671092306504,0.08345709827257702,0.33167260612712407,0.11046446030345003,0.3223101776788271,0.11102195701242902,0.322119724738799,0.10475799142191303,0.32426611804308647,0.09563080164468503,0.327419244291284,0.11635909793818856,0.32030212806609387,0.11057596419961938,0.3222720765283952,0.11089834645310795,0.32216194306848644
87,87,0.14970395391131022,0.08345709827257702,0.33167260612712407,0.1474353830866477,0.3099207812444266,0.14783611855402556,0.30978913274266245,0.11823964505388915,0.31966414248735814,0.12649565305896404,0.31687824990925545,0.14423349074580138,0.3109746693129923,0.14742054362606594,0.30992565733682514,0.14752103117720416,0.3098926396718449
88,88,0.16808674304228705,0.08345709827257702,0.33167260612712407,0.17588748138940608,0.3007113935723708,0.17616757647455022,0.3006221060883208,0.12861486172538245,0.31616707234969443,0.15024863838986308,0.30899775931577766,0.16568507768461424,0.3039818100263319,0.17577541055520501,0.3007471264496041,0.17570513228799575,0.30076953627170316
89,89,0.19302024351750058,0.08345709827257702,0.33167260612712407,0.1977836591661136,0.29381079795078857,0.19797091177516582,0.2937524732904782,0.13659942533448727,0.3135018676863132,0.16852847082958405,0.30306679179313367,0.18219379898195368,0.2987075013893802,0.1975967609705142,0.29386902376740187,0.19739506467300946,0.29393187269480764
90,90,0.0001256967179705106,0.08345709827257702,0.33167260612712407,0.0,0.3623577544766736,0.0010258795527482254,0.36196384405739057,0.05585451245131297,0.3415224510988701,0.0,0.3623577544766736,0.020811601908915466,0.3544498719464702,0.00030770203512395006,0.3622395601075686,0.0016563520967791121,0.3617219718740766
91,91,0.035544363359596244,0.08345709827257702,0.33167260612712407,0.03928005296679767,0.3475769720578159,0.04013938028309397,0.3472604445297855,0.07861780842472342,0.3333787102851203,0.02293926057094564,0.35365120313136683,0.05997002550456476,0.3400355030789169,0.03967203311972113,0.3474325529923989,0.040519592966357,0.3471204877044823
92,92,0.07121074889153102,0.08345709827257702,0.33167260612712407,0.06950921264730209,0.3366138102909531,0.07024036462343003,0.33635297222803795,0.0961359953125174,0.3272439186265067,0.06304533732527604,0.33892861095981686,0.0901055816024724,0.32934289469082056,0.0699660515895629,0.33645080955216417,0.07042798221780235,0.33628607234835517
93,93,0.0864775599051203,0.08345709827257702,0.33167260612712407,0.09277298206639743,0.3284128105085373,0.09340549281033744,0.3281926486505245,0.10961764894449352,0.3225996822093062,0.09391018873955503,0.32801708194517587,0.11329731553711009,0.32134357929328977,0.09327973506303135,0.32823641015544824,0.09344489299520982,0.3281789392730312
94,94,0.11038213836154874,0.08345709827257702,0.33167260612712407,0.11067632351898414,0.3222377873580518,0.11123292190197567,0.32204768392158134,0.11999286561598682,0.3190704977774972,0.1176631740704541,0.3198595781420299,0.131145219891275,0.3153200089624294,0.11122148939457269,0.3220515875098219,0.11115825687051571,0.32207317888070786
95,95,0.12063035218588124,0.08345709827257702,0.33167260612712407,0.12445438456290125,0.3175647843021949,0.12495256227923086,0.3173970964342705,0.12797742922509164,0.31638081800691253,0.13594300651017507,0.31372012660047915,0.1448806176296759,0.31076138192404007,0.12502911223802937,0.3173713373758167,0.12479011489061836,0.31745176690098875
96,96,0.0067442684122870295,0.08345709827257702,0.33167260612712407,0.0,0.3623577544766736,0.0010258795527482254,0.36196384405739057,0.05096978812958311,0.3432957587576719,0.0,0.3623577544766736,0.013864479787330262,0.35707022520004517,0.00020498799973051705,0.3622790102899106,0.0017594483188321042,0.3616824357944353
97,97,0.024237381229419094,0.08345709827257702,0.33167260612712407,0.026167976054266576,0.35244266184288875,0.02708290018292353,0.3521009479554685,0.07373308410299356,0.335109732706422,0.004478221146162753,0.36064137940068525,0.04854353544518474,0.3441799839214079,0.026625847619599984,0.35227161052113865,0.027607590450935738,0.3519051315342094
98,98,0.05544495547808796,0.08345709827257702,0.33167260612712407,0.04630633807044513,0.3449973277181791,0.047135873077170196,0.34469403695744866,0.09125127099078753,0.32894308699839425,0.04458429790049315,0.34562778436102914,0.07523185768182984,0.33457765169944204,0.046958823876539546,0.34475874648069255,0.0474998145427974,0.3445610585212057
99,99,0.07300188449661275,0.08345709827257702,0.33167260612712407,0.061804427179577424,0.3393748155005431,0.06256824838993773,0.33910009239775263,0.10473292462276365,0.3242747360318239,0.07544914931477215,0.334500580946005,0.09577066793186279,0.3273706947930995,0.06260668429491718,0.3390862740579597,0.06280848072462628,0.3390137341620545
100,100,0.07522952803730869,0.08345709827257702,0.33167260612712407,0.07373145311354577,0.3351103121861741,0.07444470227286527,0.3348569950553916,0.11510814129425696,0.32072722680244414,0.09920213464567121,0.32618183807737094,0.11157693416120396,0.321930244311953,0.07464897129603745,0.3347844822749541,0.07458973048254305,0.3348055103573271
101,101,0.08779416072275552,0.08345709827257702,0.33167260612712407,0.08291025874744358,0.3318649574161027,0.08358458864645618,0.33162777730331394,0.12309270490336177,0.318023581245067,0.11748196708539219,0.31992103575829595,0.12374112717293942,0.31780502276171063,0.08391647959046437,0.33151110451086585,0.08365634962557228,0.331602547002289
102,102,9.431928929451961e-07,0.08345709827257702,0.33167260612712407,0.0,0.3623577544766736,0.0010258795527482254,0.36196384405739057,0.048097919332760176,0.34434263194462966,0.0,0.3623577544766736,0.009780068480852788,0.35861983902014455,0.0001445994877463435,0.3623022061831718,0.0018200615292577576,0.36165919342237257
103,103,0.00656315822903641,0.08345709827257702,0.33167260612712407,0.01845901193133217,0.35533507418464977,0.019406623012231467,0.3549782537158915,0.07086121530617062,0.3361316427793239,0.0,0.3623577544766736,0.041825575925389394,0.34664018302413313,0.018955622937996366,0.3551480319044079,0.020016255774467088,0.3547488875268162
104,104,0.037061195969227634,0.08345709827257702,0.33167260612712407,0.032664706095956605,0.3500233707046012,0.03355208329337641,0.3496942155021222,0.0883794021939646,0.3299461920150712,0.03373052610315727,0.34962806302404387,0.06648717102055163,0.33769406957464404,0.03343221827537989,0.3497386589964088,0.03401969059368322,0.34952089027502214
105,105,0.04687631247991695,0.08345709827257702,0.33167260612712407,0.043597130185043846,0.3459897160252702,0.04443815256508554,0.34568134268155626,0.10186105582594072,0.32526360501053786,0.06459537751743627,0.3383720739140779,0.08546625174474905,0.3309668414213655,0.04457312260292029,0.3456318795129139,0.044796459850675666,0.3455500475001313
106,106,0.05072834681660618,0.08345709827257702,0.33167260612712407,0.05201050971290128,0.3429171740058874,0.052815858333091686,0.3426244977749148,0.11223627249743404,0.3217052777264692,0.08834836284833533,0.3299570503321846,0.1000721806696896,0.32588109100508506,0.053146944440358036,0.3425042483952079,0.05309005046739255,0.3425249090946971
107,107,0.05558682439065867,0.08345709827257702,0.33167260612712407,0.05848528186800165,0.3405711977243053,0.059263176661083924,0.34029042856633385,0.12022083610653883,0.31899338745890016,0.10662819528805631,0.32362378580068457,0.11131261759393038,0.3220204734307656,0.059745189855535515,0.34011656948089997,0.05947263542188291,0.34021486721100336
108,108,0.0009187931864790456,0.08345709827257702,0.33167260612712407,0.0,0.3623577544766736,0.0010258795527482254,0.36196384405739057,0.06501476460125426,0.3382216514454922,0.037409180782868416,0.34826709363353475,0.03456137506056036,0.34932021470107855,0.0005109940834617255,0.36216149280657794,0.0016250097753401534,0.3617339921092139
109,109,0.06618879483072147,0.08345709827257702,0.33167260612712407,0.06523153041874213,0.33814392979814895,0.06598082029154245,0.3378754085473684,0.08777806057466471,0.33015661953292513,0.08952339222145325,0.329546245693198,0.08683957573194825,0.33048529179272834,0.06519139661797672,0.33815831847381667,0.06579239486932237,0.3379429140475595
110,110,0.11097014902932281,0.08345709827257702,0.33167260612712407,0.11543243903000658,0.32061697015482976,0.11596887090059921,0.3204346740953892,0.10529624746245869,0.32408112036918313,0.12962946897578365,0.3158271492104296,0.1270718553890211,0.3166847260622722,0.11496816800033359,0.3207748274581528,0.11517435807405642,0.3207047109528672
111,111,0.15043263894408185,0.08345709827257702,0.33167260612712407,0.15406607538989256,0.3077496623421763,0.1544386959096337,0.30762810582006916,0.11877790109443481,0.3194817702951989,0.16049432039006264,0.3056593528344856,0.15803383008626437,0.3064577622248862,0.15327539665323578,0.30800775722243107,0.15317775008359621,0.30803964621680147
112,112,0.18981467510131853,0.08345709827257702,0.33167260612712407,0.18379776550621438,0.2981999594854442,0.18404432001768015,0.298122018934871,0.1291531177659281,0.31598669527760775,0.18424730572096173,0.2980578665995973,0.18186155959411,0.2988127395955768,0.1827558897891538,0.29852954118008274,0.18242441648774396,0.2986344741296728
113,113,0.20658332010211292,0.08345709827257702,0.33167260612712407,0.20667869208890674,0.29105295993893354,0.2068282286687098,0.2910068191799217,0.1371376813750329,0.31332301114516015,0.20252713816068268,0.29233688166240823,0.20019891368895743,0.2930593923654103,0.205443500094032,0.29143436863469835,0.20493207831805593,0.29159243425785814
114,114,9.431928929451961e-07,0.08345709827257702,0.33167260612712407,0.0,0.3623577544766736,0.0010258795527482254,0.36196384405739057,0.06099471467897612,0.33966628732706766,0.022216040859981155,0.35392247927684717,0.031081307833110618,0.35061147113131713,0.00045954087130914634,0.36218125004803126,0.0015818302499307402,0.3617505527380824
115,115,0.06434939392445478,0.08345709827257702,0.33167260612712407,0.05866321214989793,0.34050695609937043,0.0594403524967882,0.34022651204485654,0.08375801065238657,0.3315668074883044,0.07433025229856599,0.33489763013568546,0.07967306039726732,0.3330059318261269,0.05866324199174694,0.34050694532600456,0.059289974969753044,0.3402807602545579
116,116,0.10199532970896454,0.08345709827257702,0.33167260612712407,0.10380927162567116,0.3245924485464213,0.10439498714991577,0.32439094160797377,0.10127619754018055,0.3254653582292539,0.11443632905289639,0.3209557541175943,0.11706832176972684,0.3200613707070908,0.10345567077623152,0.32471416038410433,0.10370103325105721,0.32462970009152825
117,117,0.14333009215376696,0.08345709827257702,0.33167260612712407,0.1385527950621661,0.3128532711210993,0.1389911937908998,0.3127078897511187,0.11475785117215667,0.3208463630907966,0.14530118046717538,0.31062284650748606,0.14584698274245503,0.31044314869813144,0.13792704695661334,0.3130608982088903,0.13787891415922493,0.31307687467449347
118,118,0.15879674616663061,0.08345709827257702,0.33167260612712407,0.1652907304390078,0.304108930908483,0.16561575704630152,0.30400415221972554,0.12513306784364997,0.3173363596652883,0.16905416579807447,0.3028979224373659,0.1679944767560464,0.3032384234643259,0.16445554313365032,0.30437833553669674,0.1641815421212487,0.30446677145431383
119,119,0.18410013399501463,0.08345709827257702,0.33167260612712407,0.18586772199033685,0.2975462391077986,0.1861054996327368,0.297471237523375,0.1331176314527548,0.3146612982195951,0.18733399823779542,0.29708403645764125,0.18503875451264146,0.2978078660823105,0.1848713543775188,0.29786072645330314,0.1844235296092237,0.29800218335990974
120,120,9.431928929451961e-07,0.08345709827257702,0.33167260612712407,0.0,0.3623577544766736,0.0010258795527482254,0.36196384405739057,0.0483459338284325,0.3442520982052378,0.0,0.3623577544766736,0.020131541398313305,0.3547055295157103,0.00029764725875279166,0.36224342173442353,0.0014459691624583155,0.36180266444113357
121,121,0.041093016901197855,0.08345709827257702,0.33167260612712407,0.037996499062874646,0.34805029804105675,0.038861268804961095,0.3477313329784385,0.07110922980184295,0.33604326785352134,0.026526194878467677,0.3523088316494885,0.05712416581063742,0.341063029035344,0.03812290074671847,0.3480036572974076,0.03883060608180226,0.34774263773733194
122,122,0.06770312625563173,0.08345709827257702,0.33167260612712407,0.06723786079022913,0.33742540474842503,0.0679786435764755,0.33716049507281287,0.08862741668963692,0.3298594433531569,0.06663227163279807,0.33764212275415934,0.08559296526226501,0.33092238055129275,0.06723247523252115,0.33742733142758025,0.06760109068343394,0.3372954849207586
123,123,0.10098207884986106,0.08345709827257702,0.33167260612712407,0.0897414402451438,0.3294700697182501,0.0903868050977749,0.32924471201718875,0.10210907032161304,0.32517808748317456,0.09749712304707707,0.3267720111735416,0.1075019959161426,0.32332411023889707,0.08963463380666233,0.3295073807869471,0.08974229232191837,0.3294697720762619
124,124,0.1133635106833911,0.08345709827257702,0.33167260612712407,0.10705975438541605,0.32347574512611826,0.10763168746456973,0.3232796553421288,0.11248428699310635,0.3216206957459859,0.12125010837797616,0.31864547121378617,0.12436275694008903,0.3175956360340677,0.10687489642285872,0.3235391499267491,0.10678172758983266,0.3235711108004898
125,125,0.11789040986618068,0.08345709827257702,0.33167260612712407,0.12038758986430254,0.3189369953135452,0.12090301128834342,0.31876275509603647,0.12046885060221116,0.31890951848210564,0.1395299408176971,0.3125293234941673,0.1373384684993001,0.3132563179347971,0.12014266497702412,0.3190198265037996,0.11989494334885388,0.3191036254063346
126,126,0.011146635189930374,0.08345709827257702,0.33167260612712407,0.0,0.3623577544766736,0.0010258795527482254,0.36196384405739057,0.03972393771903687,0.3474134340397235,0.0,0.3623577544766736,0.01266767237290002,0.35752359560939556,0.00018729305828951918,0.3622858069581838,0.0013533599393682374,0.3618381904991274
127,127,0.01932938590140813,0.08345709827257702,0.33167260612712407,0.023909108196058255,0.35328774442269,0.024833610201149135,0.3529416271283716,0.062487233692447325,0.33912922035792603,0.0,0.3623577544766736,0.04175379267394581,0.34666656566436627,0.024121650792839924,0.35320814217699575,0.0248845506447662,0.35292256578187503
128,128,0.05173849239052138,0.08345709827257702,0.33167260612712407,0.0423090897360023,0.34646252854011705,0.04315557356533506,0.3461517294302367,0.0800054205802413,0.33288860856101615,0.03404680731338908,0.3495108417170015,0.06413790136671867,0.33853623416075485,0.04254106388323486,0.3463773280388963,0.042993694283323454,0.3462111442442626
129,129,0.052130574884616636,0.08345709827257702,0.33167260612712407,0.056469355267198394,0.34129989396787913,0.057255797836022485,0.34101543356737346,0.09348707421221741,0.3281642628642676,0.06491165872766808,0.3382586264510002,0.08136427314762112,0.3324093629268152,0.05671628355519845,0.3412105531655781,0.05693013666006516,0.34113319814984566
130,130,0.0719068251924792,0.08345709827257702,0.33167260612712407,0.06736681836946791,0.33737927355839914,0.06810705435978079,0.33711459553500006,0.10386229088371073,0.3245742028876268,0.08866464405856717,0.3298464242103188,0.09462135158691964,0.32776985175629914,0.06762525507140843,0.33728684359331706,0.06765534984500603,0.3372760818346041
131,131,0.07114708231711718,0.08345709827257702,0.33167260612712407,0.07575329260638812,0.3343927347587283,0.07645796891857921,0.3341429971327921,0.11184685449281553,0.32183812834096265,0.10694447649828812,0.32351528305970484,0.10482373958719216,0.3242435148512311,0.07602058595836853,0.3342979839006892,0.07590926391811273,0.3343374423707059
132,132,9.431928929451961e-07,0.08345709827257702,0.33167260612712407,0.0,0.3623577544766736,0.0010258795527482254,0.36196384405739057,0.03483921339730703,0.34921732980520254,0.0,0.3623577544766736,0.008439075873893014,0.3591300727441607,0.0001247727509072668,0.36230982217523844,0.0013008929098422496,0.36185831905681437
133,133,0.02405282235705171,0.08345709827257702,0.33167260612712407,0.015928007309006637,0.3562898766822549,0.016886350159556928,0.3559280475996527,0.05760250937071748,0.34089010150014437,0.0,0.3623577544766736,0.03304582823714399,0.34988196296545,0.016189352364892284,0.3561911675573067,0.016983522237754067,0.3558913801225462
134,134,0.021427034298181064,0.08345709827257702,0.33167260612712407,0.02818588987202643,0.35168943412821857,0.02909225779889824,0.3513516378231117,0.07512069625851145,0.33461708619752223,0.015585767888606189,0.3564191806962192,0.051982703068654317,0.3429272838373574,0.02855233829980966,0.35155282254703846,0.029052566710894893,0.35136642358886977
135,135,0.029730923267593717,0.08345709827257702,0.33167260612712407,0.037619316289643726,0.34818951123481245,0.0384856853328942,0.3478698287350477,0.08860234989048757,0.32986820999515115,0.04645061930288519,0.3449445571153777,0.06655615116495202,0.3376693733054954,0.03806665021457068,0.3480244123143102,0.038340667031891644,0.3479233187428216
136,136,0.04510627537466338,0.08345709827257702,0.33167260612712407,0.04487909655912258,0.3455197738603009,0.045714683244695145,0.3452138088556003,0.09897756656198088,0.3262595091331699,0.07020360463378428,0.3363660815071668,0.07777159147942679,0.33367794647266646,0.04538867837895594,0.3453331491201059,0.045488607182819746,0.34529656390190944
137,137,0.05182284044897893,0.08345709827257702,0.33167260612712407,0.05046608131184052,0.3434791429665624,0.0512779784976465,0.3431836043759534,0.10696213017108569,0.32350922790131403,0.08848343707350523,0.3299098006928478,0.08640277475303386,0.33063837797877604,0.05102356789281284,0.3432761849805031,0.05098952197007161,0.3432885762647667
138,138,0.0008326129208058927,0.08345709827257702,0.33167260612712407,0.0,0.3623577544766736,0.0010258795527482254,0.36196384405739057,0.03196734460048409,0.35028226069836904,0.0,0.3623577544766736,0.00595296334430151,0.36007793394467874,8.80152784046457e-05,0.36232394214962604,0.0012700460462255305,0.3618701537328513
139,139,0.016353822643421185,0.08345709827257702,0.33167260612712407,0.011235690385438181,0.3580668105207873,0.012213929234561136,0.3576956314544116,0.05473064057389454,0.3419296386859555,0.0,0.3623577544766736,0.02792616749423461,0.3517862904974142,0.011525727799434084,0.3579567197234372,0.01233828220978168,0.35764847502810454
140,140,0.014001373645956322,0.08345709827257702,0.33167260612712407,0.019882457717172983,0.3547992145625891,0.02082403321356581,0.3544452003172198,0.07224882746168851,0.33563749395526965,0.004731996091270313,0.36054435843985505,0.04483631518426207,0.34553544632105787,0.020327967411232935,0.3546316674522741,0.02085618005102152,0.354433119963508
141,141,0.02936984086978754,0.08345709827257702,0.33167260612712407,0.026536840556527132,0.35230485521249805,0.02745020065450798,0.3519638585735194,0.08573048109366463,0.3308741361549248,0.03559684750554931,0.3489369281404755,0.05785003375472425,0.34080065258219056,0.02710199867325904,0.35209381841507176,0.027411387453687465,0.35197834249503673
142,142,0.03184033565068014,0.08345709827257702,0.33167260612712407,0.03165792330038384,0.3503971922544549,0.032549569380189464,0.35006610111708464,0.09610569776515794,0.3272544306356596,0.0593498328364484,0.34025916568528797,0.0678651367647984,0.3372010724935116,0.032315160500551006,0.35015311284284195,0.03245614672327174,0.35010077667664025
143,143,0.03979216366415978,0.08345709827257702,0.33167260612712407,0.035599008311953784,0.3489361287444367,0.03647394370852079,0.34861259453695786,0.10409026137426275,0.32449576247910467,0.07762966527616935,0.33372816020023194,0.07557256395091079,0.3344568151503691,0.036327107771872785,0.34866687067449803,0.03633849468341504,0.34866266133740137
144,144,0.0032648950749057815,0.08345709827257702,0.33167260612712407,0.0,0.3623577544766736,0.0010258795527482254,0.36196384405739057,0.05656735062188667,0.34126443559692476,0.02222295264969641,0.35391988571403443,0.022925417349089434,0.3536563937031749,0.00033895505042112056,0.362227557370168,0.0018881333582346797,0.36163309279450845
145,145,0.05013113322971916,0.08345709827257702,0.33167260612712407,0.04326969215053099,0.346109850429623,0.04411210290795073,0.34580086099408797,0.07933064659529712,0.3331268472670513,0.07433716408828124,0.3348951759879824,0.06992885769312115,0.33646407743157647,0.0431819241122173,0.3461420589115215,0.044017627145979114,0.34583550019956677
146,146,0.0692745189405988,0.08345709827257702,0.33167260612712407,0.07656920003180322,0.33410359381992966,0.07727041679656052,0.33385529668562847,0.09684883348309109,0.32699669035893225,0.11444324084261165,0.3209534021367026,0.10610178507928898,0.3238044556296517,0.0761530342594125,0.3342510432231244,0.07643966069173407,0.3341494832166771
147,147,0.10278912383603302,0.08345709827257702,0.33167260612712407,0.10219584931040927,0.3251481706529747,0.10278840594291755,0.3249439618491944,0.11033048711506721,0.32235596259829724,0.14530809225689065,0.31062057024669265,0.1339397617488226,0.3143871443259268,0.10152695507172749,0.32537884137422857,0.1013910229022112,0.32542573810296943
148,148,0.11585588039895789,0.08345709827257702,0.33167260612712407,0.1219176168389326,0.3184200418142449,0.12242655076117016,0.3182482729962209,0.12070570378656052,0.3188294444166563,0.1690610775877897,0.30289570278522826,0.15536332354077845,0.307326680506977,0.12105422772088344,0.3187116538554139,0.12059310272486758,0.3188675094775804
149,149,0.1366113730934296,0.08345709827257702,0.33167260612712407,0.13709510298706595,0.31333715575611226,0.1375396825087678,0.31318949717222283,0.12869026739566533,0.3161417966620455,0.18734091002751066,0.29708185940997034,0.17185047723381439,0.3020012415626233,0.13608203441796293,0.3136738872144485,0.13537064738977722,0.3139105597127522
150,150,0.0036219149536971433,0.08345709827257702,0.33167260612712407,0.0,0.3623577544766736,0.0010258795527482254,0.36196384405739057,0.05254730069960853,0.34272206803015876,0.0070298127268091475,0.359667065040302,0.020617002436419566,0.35452300959322885,0.000304824858538356,0.36224066510878233,0.0017779079156216837,0.36167535723183686
151,151,0.04057198288791582,0.08345709827257702,0.33167260612712407,0.03891276372013592,0.3477123486160888,0.039773648387831616,0.3473951242031908,0.07531059667301898,0.33454972186606446,0.05914402416539398,0.34033341980980597,0.06393399467322008,0.3386094294757457,0.03885779418815403,0.3477326139846596,0.03967487768124332,0.34743150517674726
152,152,0.07179849953218398,0.08345709827257702,0.33167260612712407,0.0688592647877394,0.33684584865163963,0.0695931726224116,0.33658384733892793,0.09282878356081295,0.3283933814046711,0.09925010091972439,0.3261652504445021,0.09726990377477458,0.32685074149523746,0.06852740453739775,0.3369643880007992,0.06883964361016309,0.3368528561093014
153,153,0.09158931468260474,0.08345709827257702,0.33167260612712407,0.09190550567265292,0.3287149984867841,0.09254169462276973,0.3284933530060525,0.10631043719278907,0.3237328318443051,0.1301149523340034,0.31566462736722883,0.12292456671979315,0.31808027876769474,0.09136055574683599,0.3289049755996317,0.09128427643830779,0.3289315763844495
154,154,0.1115149166534323,0.08345709827257702,0.33167260612712407,0.10964144142442739,0.3225915445806691,0.11020242783427464,0.32239973253782,0.11668565386428238,0.320191250952514,0.15386793766490245,0.3078143185266142,0.14266789301749472,0.311491282378434,0.10893250185654826,0.32283410789610667,0.10855722640876177,0.32296258201936684
155,155,0.12470813540122114,0.08345709827257702,0.33167260612712407,0.12329067031871481,0.3179568386988578,0.12379378232599675,0.31778728130764067,0.12467021747338719,0.3174921235295652,0.1721477701046234,0.3019060662136243,0.1578619703722783,0.3065136071837489,0.12245552753313542,0.31823849591810655,0.12185015051076264,0.31844281913824934
156,156,0.007204113635552135,0.08345709827257702,0.33167260612712407,0.0,0.3623577544766736,0.0010258795527482254,0.36196384405739057,0.03989851984906491,0.34734913479068275,0.0,0.3623577544766736,0.013353750758703785,0.3572636274250337,0.0001974368096686928,0.36228191070402654,0.0014310919569343198,0.361808371288355
157,157,0.029453469706588215,0.08345709827257702,0.33167260612712407,0.025204020305740794,0.3528030472641851,0.026123031724857707,0.3524594565882077,0.06266181582247536,0.33906645435045407,0.011339966745295665,0.35802722597914033,0.045071614843671726,0.34544925581498975,0.025252248775484456,0.3527850077680087,0.026010747302203215,0.3525014183994772
158,158,0.03548567666908574,0.08345709827257702,0.33167260612712407,0.044600540851599625,0.34562183227030446,0.04543730864749563,0.34531534447020457,0.08018000271026934,0.33282699756544865,0.051446043499626073,0.3431224588308034,0.06948106202439427,0.3366238570530299,0.044533941504357674,0.34564623768385966,0.044926768799219856,0.34550231052515973
159,159,0.06308116336815657,0.08345709827257702,0.33167260612712407,0.05952772329003901,0.3401949972841203,0.060301198003791016,0.3399161312123299,0.09366165634224546,0.3281035262502028,0.08231089491390507,0.3320759123191217,0.08826609465056225,0.32998583147495975,0.05937275470311309,0.3402508966616192,0.059484168577588536,0.34021070716162327
160,160,0.07674025283984459,0.08345709827257702,0.33167260612712407,0.07101539062829396,0.3360767028033229,0.07174015622527316,0.33581855476667066,0.10403687301373876,0.3245141307215594,0.10606388024480413,0.3238174688819315,0.10272268795861887,0.32496660347106526,0.07079241480473042,0.33615616255760733,0.07068725842080273,0.3361936426478722
161,161,0.07771219184807693,0.08345709827257702,0.33167260612712407,0.07985607448934054,0.33294132267055443,0.08054335450375022,0.3326988052763605,0.11202143662284357,0.3217785625673413,0.12434371268452508,0.3176020487589629,0.11384819911601846,0.32115594927120744,0.07958076162800655,0.33303852066049344,0.07930893701354338,0.3331345149789547
162,162,9.431928929451961e-07,0.08345709827257702,0.33167260612712407,0.0,0.3623577544766736,0.0010258795527482254,0.36196384405739057,0.031276523739669285,0.3505389113312363,0.0,0.3623577544766736,0.008402781297948579,0.35914389253765633,0.00012423613124046067,0.3623100283077592,0.0011946861023455553,0.3618990678794564
163,163,0.023541826900430815,0.08345709827257702,0.33167260612712407,0.015859504515625112,0.35631575447515734,0.01681813782641105,0.3559537894948978,0.05403981971307974,0.342180169380801,0.0,0.3623577544766736,0.032214141271638186,0.35019061748237496,0.01597807753318635,0.3562709632133909,0.016696641827658995,0.3559996441325139
164,164,0.02910094533982719,0.08345709827257702,0.33167260612712407,0.02806466867010709,0.3517346369464928,0.02897155058972484,0.3513966057306126,0.07155800660087372,0.3358834144168593,0.01886057918021708,0.35518382131864484,0.05053889769350602,0.3434526266986395,0.028178883466261576,0.351692046625918,0.028626643433734056,0.3515251281444556
165,165,0.04077677337516753,0.08345709827257702,0.33167260612712407,0.037457524032712346,0.34824924368979737,0.03832457909495203,0.347929253285999,0.08503966023284984,0.3311165665202943,0.04972543059449608,0.3437489691210859,0.06464127144669884,0.33835560978028223,0.037568384827003885,0.3482083136334478,0.03780773908662308,0.34811995990323213
166,166,0.05421492641900318,0.08345709827257702,0.33167260612712407,0.04468608161261383,0.3455904882801784,0.04552248670520424,0.3452841610535627,0.09541487690434314,0.3274942088549842,0.07347841592539514,0.33520022676198685,0.07549418217010756,0.33448461054979345,0.04479436123274123,0.3455508163552634,0.044873330540070505,0.3455218861330923
167,167,0.0460750807038656,0.08345709827257702,0.33167260612712407,0.05024903799475682,0.3435581919803736,0.05106185547081541,0.3432622504464143,0.10339944051344795,0.32473351943156054,0.09175824836511609,0.32876632360712116,0.0838463697685686,0.33153574746580716,0.05035533119378552,0.3435194768244466,0.050310871382085356,0.34353566988418405
168,168,0.00012205372603995875,0.08345709827257702,0.33167260612712407,0.0,0.3623577544766736,0.0010258795527482254,0.36196384405739057,0.026391799417939434,0.35235903570130817,0.0,0.3623577544766736,0.005597848352694916,0.3602135299738452,8.276486058007816e-05,0.36232595908417303,0.0010607522182359721,0.3619504614109428
169,169,0.010158323532744578,0.08345709827257702,0.33167260612712407,0.010565442331460393,0.3583213491169581,0.011546523114438732,0.35794882765336,0.049155095391349886,0.34395689214997965,0.0,0.3623577544766736,0.024929840388589718,0.3529056197287811,0.010723868501269187,0.35826116764144544,0.011419808369443424,0.3579969201107797
170,170,0.02264445385428428,0.08345709827257702,0.33167260612712407,0.018696399883957684,0.3552456527160128,0.019643004410857423,0.3548893007723045,0.06667328227914386,0.3376274421647671,0.00039953975543419173,0.3622042909142343,0.03980736294919501,0.34738270673180166,0.01891305351594032,0.35516406128218797,0.019391935158550727,0.3549837816539126
171,171,0.022452670962323118,0.08345709827257702,0.33167260612712407,0.024953825616494372,0.3528966455111115,0.025873897891742957,0.35255256714702554,0.08015493591111998,0.3328358430758394,0.03126439116971319,0.35054342044848685,0.05125681301778308,0.34319130559047056,0.02521528996330297,0.35279883185099215,0.025527127845405156,0.35268220892938934
172,172,0.03258351234733241,0.08345709827257702,0.33167260612712407,0.029769417943155383,0.3510994772526737,0.03066907151702075,0.350764744597169,0.0905301525826133,0.32919467682394843,0.05501737650061225,0.34182570590594274,0.06006808561636806,0.34000015272469924,0.030065367738723845,0.35098932844734193,0.030248652013367735,0.35092112966527633
173,173,0.03414791285185991,0.08345709827257702,0.33167260612712407,0.03347540351099295,0.3497226461444305,0.0343593432520612,0.34939504710231356,0.09851471619171809,0.32641965290602115,0.0732972089403332,0.3352646319207391,0.06684906848816365,0.3375645231712932,0.033797892632720095,0.34960309209807056,0.033882244568075974,0.34957182766238304
174,174,0.00578717190028899,0.08345709827257702,0.33167260612712407,0.0,0.3623577544766736,0.0010258795527482254,0.36196384405739057,0.023519930621116493,0.35343354716044445,0.0,0.3623577544766736,0.003948748245485189,0.36084388679897617,5.8382717324965294e-05,0.3623353255691306,0.0009820086664452344,0.3619806805412324
175,175,0.013833595475698198,0.08345709827257702,0.33167260612712407,0.007452912126325145,0.35950576095279824,0.008447190418663453,0.3591269830622971,0.046283226594526945,0.34500578144929467,0.0,0.3623577544766736,0.02064719206806211,0.3545116622291712,0.007634769101406949,0.35943645131214563,0.008317407423853545,0.3591764022276077
176,176,0.006125719177834131,0.08345709827257702,0.33167260612712407,0.013188527374651982,0.35732621643086115,0.014158485955714846,0.3569589388006969,0.06380141348232092,0.3386570299396424,0.0,0.3623577544766736,0.03349798748718455,0.34971427242006703,0.013465407720942532,0.3572213363618715,0.013962586684311835,0.35703308619301005
177,177,0.02024407259811047,0.08345709827257702,0.33167260612712407,0.01760254456943946,0.3556578832992125,0.018553787176871877,0.35529937067790945,0.07728306711429704,0.3338508189701981,0.020410619372377314,0.35460059243734393,0.04338770802993709,0.34606654653731056,0.01795255304170472,0.3555259270035191,0.018307006113524683,0.3553923449492931
178,178,0.019386416097058035,0.08345709827257702,0.33167260612712407,0.02099948577841668,0.3543792725867641,0.021936324938992013,0.35402745513436584,0.08765828378579035,0.33019854905850027,0.04416360470327638,0.345781979503372,0.05099864332412145,0.3432852564315769,0.021405772224621887,0.354226654217065,0.02165038624480325,0.354134798548055
179,179,0.02372456850124415,0.08345709827257702,0.33167260612712407,0.02361370522252629,0.35339840964053876,0.02453945977241231,0.3530517150796307,0.09564284739489515,0.3274150627635738,0.06244343714299733,0.3391449679765207,0.05685587010842236,0.3411600598836296,0.024063302095582606,0.3532299933623725,0.02422338613221366,0.35317004622593146
180,180,0.0022993419332080285,0.08345709827257702,0.33167260612712407,0.0,0.3623577544766736,0.0010258795527482254,0.36196384405739057,0.051702127954736,0.34302931092321387,0.01347656215403838,0.35721711179661264,0.016223777610569947,0.35617816729945445,0.0002398705015605834,0.36226561221304626,0.002039677348251869,0.36157499338855503
181,181,0.03326614218427314,0.08345709827257702,0.33167260612712407,0.030620941465910594,0.3507826441852635,0.03151698447572641,0.35044955512041065,0.07446542392814645,0.3348496384282155,0.06559077359262322,0.3380151620463227,0.06018926059023895,0.3399564746137565,0.030505738857346386,0.35082549179807687,0.03147661829305662,0.35046455377090413
182,182,0.05055960078752073,0.08345709827257702,0.33167260612712407,0.054186218476173595,0.3421270615897901,0.05498234182467974,0.3418384031827467,0.09198361081594042,0.32868777894126056,0.10569685034695361,0.323943502358628,0.09402423547039794,0.3279774219421707,0.053797758554201776,0.3422679978619783,0.054130711684382986,0.34214719633000457
183,183,0.07380657338170263,0.08345709827257702,0.33167260612712407,0.0723215942675631,0.33561160069561474,0.07304082140109965,0.33535577913100273,0.10546526444791654,0.3240230512994002,0.1365617017612326,0.31351440664115354,0.12006296966718549,0.3190467833129232,0.07172284086742702,0.3358247198626691,0.07156485840313406,0.3358809744074542
184,184,0.08688833567437089,0.08345709827257702,0.33167260612712407,0.08627822439551279,0.33068204228989584,0.08693827370759612,0.33045071080800276,0.11584048111940985,0.3204782954572318,0.1603146870921317,0.3057175719478197,0.1401018696803357,0.31233987078623976,0.08551763325201701,0.3309488121077359,0.08498183636647706,0.33113686675445275
185,185,0.09660522345816247,0.08345709827257702,0.33167260612712407,0.09701897367851775,0.32693770953816975,0.09763348089788125,0.32672477297758884,0.12382504472851466,0.31777674832514985,0.17859451953185265,0.29984956502654264,0.15552341477935097,0.3072745213371348,0.09613383537643008,0.3272446680247658,0.09530727990970576,0.327531570693152
186,186,9.431928929451961e-07,0.08345709827257702,0.33167260612712407,0.0,0.3623577544766736,0.0010258795527482254,0.36196384405739057,0.04768207803245786,0.3444944816149005,0.0,0.3623577544766736,0.014590166775669851,0.35679560302025787,0.0002157173690578923,0.36227488917622847,0.0018908373288091486,0.3616320560560679
187,187,0.023816330596987335,0.08345709827257702,0.33167260612712407,0.027537645888623903,0.35193122882095,0.02844676244939632,0.3515921756680956,0.07044537400586831,0.3362798715328632,0.05039763366973596,0.3435040702136564,0.05486920164810766,0.3418794106974099,0.027450999893182934,0.3519635603278991,0.028377714291416493,0.35161791557034333
188,188,0.04649191131021502,0.08345709827257702,0.33167260612712407,0.04873007899191009,0.34411191911858807,0.049549337040215795,0.3438131528733944,0.08796356089366228,0.33009169308237046,0.09050371042406635,0.32920390584197023,0.0858671582436533,0.3308261929606585,0.048410740071266174,0.34422844564172866,0.048761496202742324,0.34410045713435694
189,189,0.06799584586906833,0.08345709827257702,0.33167260612712407,0.06503936057152385,0.3382128316320278,0.0657894652680175,0.3379439637162349,0.1014452145256384,0.32540704113081437,0.12136856183834535,0.3186054557431272,0.10972257871592582,0.3225637951227411,0.06454094573164863,0.33839160198416857,0.06444845565798771,0.3384247865158516
190,190,0.08520408697817793,0.08345709827257702,0.33167260612712407,0.07759066434805353,0.33374196011718943,0.07828754997897883,0.3334954631452978,0.11182043119713171,0.32184714468052955,0.14512154716924444,0.31068201102032456,0.12808124323482173,0.316345996953343,0.07695443618695007,0.3339671608930338,0.07652083251234283,0.33412072730834536
191,191,0.0815878665395345,0.08345709827257702,0.33167260612712407,0.08724990198655526,0.3303415488024121,0.08790583126662041,0.33011189749993286,0.11980499480623652,0.3191340585121201,0.1634013796089654,0.30471871561872854,0.14220971199558466,0.3116426343839741,0.08650761539174676,0.33060162788255043,0.08581149736867584,0.3308457166742693
192,192,9.431928929451961e-07,0.08345709827257702,0.33167260612712407,0.0,0.3623577544766736,0.0010258795527482254,0.36196384405739057,0.035033297181914246,0.34914547760773507,0.0,0.3623577544766736,0.009450134725019297,0.3587453081023437,0.00013972137751867465,0.3623040799839232,0.0014225235456174377,0.36181165814367167
193,193,0.018530535377411617,0.08345709827257702,0.33167260612712407,0.017836291226727394,0.3555697533068491,0.01878654271969855,0.3552117027821493,0.0577965931553247,0.34081996264735215,0.002593576249637644,0.3613627173019573,0.03813004144562453,0.3480010226495116,0.01783949643916023,0.3555685449906754,0.018627248911273743,0.35527169881479104
194,194,0.028557661548036822,0.08345709827257702,0.33167260612712407,0.031562751729631314,0.35043255039870735,0.032454801348555606,0.3501012760626174,0.07531478004311867,0.3345482380307749,0.04269965300396804,0.34631909277662637,0.060201536120338225,0.33995205015201796,0.03146089677432867,0.3504703955067381,0.031867668693224195,0.35031928023572784
195,195,0.03775858614212161,0.08345709827257702,0.33167260612712407,0.04212636697580107,0.3465296545269409,0.04297362557202093,0.3462185108062333,0.0887964336750948,0.32980033891963473,0.07356450441824704,0.33516963325341037,0.07718732627376014,0.33388470895870953,0.04194365977243195,0.3465967878025061,0.0420572365169694,0.34655505404394726
196,196,0.04555586317028741,0.08345709827257702,0.33167260612712407,0.050255918439232064,0.3435556857850431,0.05106870674136322,0.34325975702730704,0.09917165034658809,0.3261923805554187,0.09731748974914613,0.3268342516270939,0.09025925780301113,0.32928923857501585,0.050010988928795394,0.34364491238469064,0.049898928407753944,0.3436857432001005
197,197,0.05126773430649827,0.08345709827257702,0.33167260612712407,0.056512262073153796,0.3412843682332467,0.05729852271186448,0.34099998654750613,0.10715621395569291,0.3234426651996901,0.11559732218886708,0.3205609267460971,0.10031916036639005,0.3257957685679206,0.05621944749347794,0.3413903365916773,0.05593374095070575,0.34149376429618195
198,198,0.002374870432824398,0.08345709827257702,0.33167260612712407,0.0,0.3623577544766736,0.0010258795527482254,0.36196384405739057,0.02641130107251862,0.35235175032347,0.0,0.3623577544766736,0.005946450309380677,0.3600804204025872,8.791898240067902e-05,0.36232397914138803,0.0011032991346354307,0.3619341343833508
199,199,0.0032430665383153413,0.08345709827257702,0.33167260612712407,0.011223397609620892,0.3580714772925017,0.0122016885816192,0.3577002736211593,0.049174597045929073,0.3439497804949192,0.0,0.3623577544766736,0.02671985291870757,0.35223650236381915,0.011287849575702648,0.3580470097271489,0.011980879149181266,0.35778402412498583
200,200,0.02645291744315505,0.08345709827257702,0.33167260612712407,0.019860704661772786,0.35480739746970025,0.020802372393785296,0.35445334039722115,0.06669278393372305,0.3376204613774579,0.010114188684559045,0.3584928226125362,0.042706656834566564,0.34631652113673794,0.01990709687156731,0.3547899462115651,0.02035205175108972,0.3546226120778213
201,201,0.021827530406849302,0.08345709827257702,0.33167260612712407,0.026507807055187217,0.352315700084325,0.0274212902587704,0.3519746470087897,0.08017443756569917,0.3328289613596659,0.04097904009883804,0.3469514398287115,0.055009788115013336,0.3418284560507064,0.026540300830143606,0.3523035627201797,0.026794342282369127,0.3522086853073254
202,202,0.028875188103054412,0.08345709827257702,0.33167260612712407,0.03162328691039601,0.350410059953952,0.0325150798527382,0.3500789021477977,0.09054965423719247,0.3291878703925533,0.06473202542973713,0.3383230547667935,0.06447803705961641,0.3384141726450048,0.031645084722025,0.350401961835216,0.031752202938587167,0.3503621689985964
203,203,0.03074501171239436,0.08345709827257702,0.33167260612712407,0.035560060048564136,0.3489505380383918,0.036435160590539147,0.34862692942881257,0.09853421784629729,0.32641290385103955,0.08301185786945808,0.3318292113990397,0.07176461606405676,0.3358098460864295,0.035573626456237684,0.34894551894461595,0.03556767542731288,0.3489477206071617
204,204,9.431928929451961e-07,0.08345709827257702,0.33167260612712407,0.0,0.3623577544766736,0.0010258795527482254,0.36196384405739057,0.02152657675078877,0.3541812876069792,0.0,0.3623577544766736,0.003961465363483331,0.36083902155276815,5.857074144276582e-05,0.36233525333808675,0.000922445046483563,0.3620035407339275
205,205,9.431928929451961e-07,0.08345709827257702,0.33167260612712407,0.007476914558753858,0.3594966123392757,0.00847109107783833,0.35911788283770085,0.04428987272419922,0.34573569172281166,0.0,0.3623577544766736,0.020255500035015417,0.35465891556535256,0.0075760653930999865,0.35945882310899496,0.008215430450738427,0.35921523810206163
206,206,0.019257116684180797,0.08345709827257702,0.33167260612712407,0.01323100160912285,0.35731012552997043,0.014200780094228394,0.35694293259456855,0.0618080596119932,0.33937350849925757,0.0,0.3623577544766736,0.03279507008961187,0.34997499532523024,0.013361382088430568,0.35726073683192766,0.013827969225040938,0.357084047498372
207,207,0.026606692907823946,0.08345709827257702,0.33167260612712407,0.01765923434109382,0.35563650742952474,0.01861023657694983,0.35527810689790057,0.07528971324396933,0.3345571292864043,0.022518000674055155,0.35380919034623376,0.04244527768545388,0.3464125062817096,0.017813648543703983,0.3555782893697713,0.018147269175191813,0.35545253849117925
208,208,0.01666671425376523,0.08345709827257702,0.33167260612712407,0.02106711554915473,0.3543538634240107,0.02200366795121737,0.3540021788242527,0.08566492991546262,0.3308971324626559,0.046270986004954245,0.34501025890424314,0.04987188850523322,0.3436955962926365,0.02124002563465081,0.35428890770605265,0.021471317847210458,0.3542020386674346
209,209,0.029053655057207414,0.08345709827257702,0.33167260612712407,0.023689754202359727,0.3533699165096897,0.024615186295255123,0.3530233705924049,0.09364949352456743,0.32810775729469566,0.0645508184446752,0.33838805994373583,0.05558726278300812,0.34161923378252046,0.023876898357185164,0.3532998093368791,0.02402944062207422,0.3532426748709366
210,210,6.458296533905075e-05,0.08345709827257702,0.33167260612712407,0.0,0.3623577544766736,0.0010258795527482254,0.36196384405739057,0.01865470795396583,0.35526135598492753,0.0,0.3623577544766736,0.0027944360793686705,0.3612857706215081,4.131607323687947e-05,0.3623418819237509,0.0008161157680367335,0.362044352920429
211,211,0.0008729900999564305,0.08345709827257702,0.33167260612712407,0.005274250280700853,0.36033713614304846,0.006277766366154356,0.35995395683971093,0.04141800392737628,0.3467900054339648,0.0,0.3623577544766736,0.016454922537582874,0.35609089063412935,0.005393801569707285,0.3602914656752948,0.006001615727358915,0.3600593606426089
212,212,0.0179878045663539,0.08345709827257702,0.33167260612712407,0.00933321002968638,0.35878978342358425,0.010319515628574773,0.35841478951704514,0.05893619081517026,0.34040842086664996,0.0,0.3623577544766736,0.026967765450696464,0.35214393125540633,0.009512969608944752,0.35872140951236037,0.009992274966695955,0.35853916312222955
213,213,0.02361629672613576,0.08345709827257702,0.33167260612712407,0.012456905980212148,0.3576034969919695,0.013429966725612294,0.35723475941032823,0.07241784444714638,0.3355773542068139,0.01166422887671928,0.3579041601922984,0.035058243520702956,0.34913624323944314,0.01268300068080181,0.35751778535572837,0.01306340818228424,0.3573736206848886
214,214,0.013446844550916208,0.08345709827257702,0.33167260612712407,0.014860841223415737,0.35669322561084943,0.01582370898889858,0.3563292774338382,0.08279306111863968,0.33190619629982643,0.03541721420761837,0.34900339035855416,0.04128451703608167,0.3468390889450663,0.015122594526164693,0.3565942503926254,0.015426892173830604,0.3564792226561453
215,215,0.01642651741608584,0.08345709827257702,0.33167260612712407,0.016710862718799624,0.35599427662329164,0.017665886166511286,0.3556339993266559,0.09077762472774449,0.32910831499103216,0.05369704664733932,0.34230454639899693,0.046076135226361906,0.3450815407132027,0.017000058183593732,0.35588514072868954,0.017245783177953285,0.3557924359085687
